{
  "3-Draw Prize" : {
    "transaction" : "3-Draw Prize",
    "sampleCount" : 710,
    "errorCount" : 0,
    "errorPct" : 0.0,
    "meanResTime" : 100.24647887323947,
    "medianResTime" : 92.0,
    "minResTime" : 68.0,
    "maxResTime" : 200.0,
    "pct1ResTime" : 150.89999999999998,
    "pct2ResTime" : 165.0,
    "pct3ResTime" : 182.89,
    "throughput" : 1.22240548739545,
    "receivedKBytesPerSec" : 0.5168960703537401,
    "sentKBytesPerSec" : 0.5371899114530786
  },
  "Total" : {
    "transaction" : "Total",
    "sampleCount" : 2854,
    "errorCount" : 0,
    "errorPct" : 0.0,
    "meanResTime" : 99.32725998598444,
    "medianResTime" : 90.0,
    "minResTime" : 55.0,
    "maxResTime" : 485.0,
    "pct1ResTime" : 146.0,
    "pct2ResTime" : 167.0,
    "pct3ResTime" : 200.0,
    "throughput" : 4.807036396373332,
    "receivedKBytesPerSec" : 12.513740329923719,
    "sentKBytesPerSec" : 1.5483908970959033
  },
  "2-View Prize List" : {
    "transaction" : "2-View Prize List",
    "sampleCount" : 718,
    "errorCount" : 0,
    "errorPct" : 0.0,
    "meanResTime" : 87.10724233983275,
    "medianResTime" : 80.0,
    "minResTime" : 57.0,
    "maxResTime" : 265.0,
    "pct1ResTime" : 120.40000000000009,
    "pct2ResTime" : 151.04999999999995,
    "pct3ResTime" : 183.85999999999967,
    "throughput" : 1.2216847338752077,
    "receivedKBytesPerSec" : 2.9015012429536187,
    "sentKBytesPerSec" : 0.3579154493775023
  },
  "4-Query My Prizes" : {
    "transaction" : "4-Query My Prizes",
    "sampleCount" : 701,
    "errorCount" : 0,
    "errorPct" : 0.0,
    "meanResTime" : 122.5035663338089,
    "medianResTime" : 114.0,
    "minResTime" : 91.0,
    "maxResTime" : 244.0,
    "pct1ResTime" : 173.0,
    "pct2ResTime" : 187.0,
    "pct3ResTime" : 215.98000000000002,
    "throughput" : 1.2154249739489869,
    "receivedKBytesPerSec" : 8.782157599852102,
    "sentKBytesPerSec" : 0.37151173520120395
  },
  "1-User Login" : {
    "transaction" : "1-User Login",
    "sampleCount" : 725,
    "errorCount" : 0,
    "errorPct" : 0.0,
    "meanResTime" : 88.12000000000003,
    "medianResTime" : 78.0,
    "minResTime" : 55.0,
    "maxResTime" : 485.0,
    "pct1ResTime" : 141.39999999999998,
    "pct2ResTime" : 153.69999999999993,
    "pct3ResTime" : 191.44000000000005,
    "throughput" : 1.225794779974064,
    "receivedKBytesPerSec" : 0.6069120639129398,
    "sentKBytesPerSec" : 0.30884282542315283
  }
}