{
  "3-Draw Prize" : {
    "transaction" : "3-Draw Prize",
    "sampleCount" : 971,
    "errorCount" : 0,
    "errorPct" : 0.0,
    "meanResTime" : 93.32234809474782,
    "medianResTime" : 90.0,
    "minResTime" : 66.0,
    "maxResTime" : 471.0,
    "pct1ResTime" : 105.0,
    "pct2ResTime" : 110.0,
    "pct3ResTime" : 183.51999999999975,
    "throughput" : 5.678196543960703,
    "receivedKBytesPerSec" : 2.401034280795883,
    "sentKBytesPerSec" : 2.4953012156077308
  },
  "Total" : {
    "transaction" : "Total",
    "sampleCount" : 4073,
    "errorCount" : 0,
    "errorPct" : 0.0,
    "meanResTime" : 98.35772158114395,
    "medianResTime" : 89.0,
    "minResTime" : 53.0,
    "maxResTime" : 1142.0,
    "pct1ResTime" : 129.5999999999999,
    "pct2ResTime" : 150.0,
    "pct3ResTime" : 219.51999999999953,
    "throughput" : 22.819716952590117,
    "receivedKBytesPerSec" : 56.26084643893639,
    "sentKBytesPerSec" : 7.285831635604474
  },
  "2-View Prize List" : {
    "transaction" : "2-View Prize List",
    "sampleCount" : 1059,
    "errorCount" : 0,
    "errorPct" : 0.0,
    "meanResTime" : 84.08687440982055,
    "medianResTime" : 79.0,
    "minResTime" : 56.0,
    "maxResTime" : 1142.0,
    "pct1ResTime" : 93.0,
    "pct2ResTime" : 99.0,
    "pct3ResTime" : 183.20000000000073,
    "throughput" : 6.0559618914730455,
    "receivedKBytesPerSec" : 14.382909492248483,
    "sentKBytesPerSec" : 1.774207585392494
  },
  "4-Query My Prizes" : {
    "transaction" : "4-Query My Prizes",
    "sampleCount" : 907,
    "errorCount" : 0,
    "errorPct" : 0.0,
    "meanResTime" : 122.4277839029769,
    "medianResTime" : 112.0,
    "minResTime" : 89.0,
    "maxResTime" : 921.0,
    "pct1ResTime" : 128.0,
    "pct2ResTime" : 178.39999999999964,
    "pct3ResTime" : 501.35999999999865,
    "throughput" : 5.399323745118583,
    "receivedKBytesPerSec" : 39.013277724738664,
    "sentKBytesPerSec" : 1.6503792306856604
  },
  "1-User Login" : {
    "transaction" : "1-User Login",
    "sampleCount" : 1136,
    "errorCount" : 0,
    "errorPct" : 0.0,
    "meanResTime" : 96.74735915492968,
    "medianResTime" : 81.0,
    "minResTime" : 53.0,
    "maxResTime" : 508.0,
    "pct1ResTime" : 152.0,
    "pct2ResTime" : 162.0,
    "pct3ResTime" : 191.88999999999965,
    "throughput" : 6.370141085166992,
    "receivedKBytesPerSec" : 3.153966338066079,
    "sentKBytesPerSec" : 1.6049769530987148
  }
}