{
  "3-Draw Prize" : {
    "transaction" : "3-Draw Prize",
    "sampleCount" : 246,
    "errorCount" : 0,
    "errorPct" : 0.0,
    "meanResTime" : 90.62195121951223,
    "medianResTime" : 89.0,
    "minResTime" : 71.0,
    "maxResTime" : 142.0,
    "pct1ResTime" : 103.30000000000001,
    "pct2ResTime" : 113.0,
    "pct3ResTime" : 130.24,
    "throughput" : 4.305818105440034,
    "receivedKBytesPerSec" : 1.820721913726108,
    "sentKBytesPerSec" : 1.858566018168452
  },
  "Total" : {
    "transaction" : "Total",
    "sampleCount" : 993,
    "errorCount" : 0,
    "errorPct" : 0.0,
    "meanResTime" : 92.75025176233636,
    "medianResTime" : 88.0,
    "minResTime" : 56.0,
    "maxResTime" : 266.0,
    "pct1ResTime" : 124.0,
    "pct2ResTime" : 131.29999999999995,
    "pct3ResTime" : 153.0,
    "throughput" : 16.950309816841063,
    "receivedKBytesPerSec" : 43.71638716649881,
    "sentKBytesPerSec" : 6.186735059658946
  },
  "2-View Prize List" : {
    "transaction" : "2-View Prize List",
    "sampleCount" : 251,
    "errorCount" : 0,
    "errorPct" : 0.0,
    "meanResTime" : 81.07569721115543,
    "medianResTime" : 78.0,
    "minResTime" : 56.0,
    "maxResTime" : 125.0,
    "pct1ResTime" : 98.0,
    "pct2ResTime" : 107.39999999999998,
    "pct3ResTime" : 123.47999999999999,
    "throughput" : 4.364230695668806,
    "receivedKBytesPerSec" : 10.365047902213412,
    "sentKBytesPerSec" : 1.6195387347208459
  },
  "4-Query My Prizes" : {
    "transaction" : "4-Query My Prizes",
    "sampleCount" : 240,
    "errorCount" : 0,
    "errorPct" : 0.0,
    "meanResTime" : 117.9833333333333,
    "medianResTime" : 115.0,
    "minResTime" : 93.0,
    "maxResTime" : 266.0,
    "pct1ResTime" : 135.9,
    "pct2ResTime" : 143.89999999999998,
    "pct3ResTime" : 161.08000000000004,
    "throughput" : 4.247186239116585,
    "receivedKBytesPerSec" : 30.68840916330431,
    "sentKBytesPerSec" : 1.630023624973455
  },
  "1-User Login" : {
    "transaction" : "1-User Login",
    "sampleCount" : 256,
    "errorCount" : 0,
    "errorPct" : 0.0,
    "meanResTime" : 82.58593749999999,
    "medianResTime" : 77.0,
    "minResTime" : 57.0,
    "maxResTime" : 168.0,
    "pct1ResTime" : 112.30000000000001,
    "pct2ResTime" : 138.7499999999999,
    "pct3ResTime" : 164.29000000000002,
    "throughput" : 4.396132776947779,
    "receivedKBytesPerSec" : 2.1766008963989494,
    "sentKBytesPerSec" : 1.2192399498566107
  }
}