{
  "3-Draw Prize" : {
    "transaction" : "3-Draw Prize",
    "sampleCount" : 4607,
    "errorCount" : 0,
    "errorPct" : 0.0,
    "meanResTime" : 249.02561319730862,
    "medianResTime" : 169.0,
    "minResTime" : 64.0,
    "maxResTime" : 3878.0,
    "pct1ResTime" : 423.39999999999964,
    "pct2ResTime" : 562.0,
    "pct3ResTime" : 1440.880000000001,
    "throughput" : 15.52312632462102,
    "receivedKBytesPerSec" : 6.56476793966467,
    "sentKBytesPerSec" : 6.700411948713369
  },
  "Total" : {
    "transaction" : "Total",
    "sampleCount" : 18465,
    "errorCount" : 2,
    "errorPct" : 0.010831302,
    "meanResTime" : 463.25940969401364,
    "medianResTime" : 200.0,
    "minResTime" : 53.0,
    "maxResTime" : 15351.0,
    "pct1ResTime" : 1268.800000000003,
    "pct2ResTime" : 1651.7000000000007,
    "pct3ResTime" : 2721.4000000000015,
    "throughput" : 61.558412983107694,
    "receivedKBytesPerSec" : 161.20840225768356,
    "sentKBytesPerSec" : 22.51387116655943
  },
  "2-View Prize List" : {
    "transaction" : "2-View Prize List",
    "sampleCount" : 4630,
    "errorCount" : 0,
    "errorPct" : 0.0,
    "meanResTime" : 273.2615550755931,
    "medianResTime" : 182.0,
    "minResTime" : 53.0,
    "maxResTime" : 8815.0,
    "pct1ResTime" : 515.0,
    "pct2ResTime" : 663.8999999999996,
    "pct3ResTime" : 1604.5099999999684,
    "throughput" : 15.56271134027549,
    "receivedKBytesPerSec" : 36.96143943315429,
    "sentKBytesPerSec" : 5.775224911430358
  },
  "4-Query My Prizes" : {
    "transaction" : "4-Query My Prizes",
    "sampleCount" : 4584,
    "errorCount" : 2,
    "errorPct" : 0.04363002,
    "meanResTime" : 1159.9888743455494,
    "medianResTime" : 1084.0,
    "minResTime" : 92.0,
    "maxResTime" : 15351.0,
    "pct1ResTime" : 1958.0,
    "pct2ResTime" : 2374.0,
    "pct3ResTime" : 3865.399999999994,
    "throughput" : 15.462822099961882,
    "receivedKBytesPerSec" : 111.69401352195796,
    "sentKBytesPerSec" : 5.931872790543527
  },
  "1-User Login" : {
    "transaction" : "1-User Login",
    "sampleCount" : 4644,
    "errorCount" : 0,
    "errorPct" : 0.0,
    "meanResTime" : 177.48363479758797,
    "medianResTime" : 136.0,
    "minResTime" : 53.0,
    "maxResTime" : 3021.0,
    "pct1ResTime" : 303.5,
    "pct2ResTime" : 397.0,
    "pct3ResTime" : 706.8500000000013,
    "throughput" : 15.551224608707882,
    "receivedKBytesPerSec" : 7.699678590444235,
    "sentKBytesPerSec" : 4.313034950071327
  }
}